attempt,phase,signature,slot,conn,t0_ns,t1_ns,t2_ns,t3_ns,sign_ns,send_ns,sign_to_send_ns,send_to_seen_ns,sign_to_seen_ns,landed,err,rpc_poll_count,fee_lamports,t_confirmed_ns,t_finalized_ns
0,warm,4cFz4chAhCxpJ1nEts5GguPjY8ZTqvafi9GtFrvDUvgD6FYNonuSftrWZaqh5PV4ZsG1eibhMoVr4vCo3X9qU5S,450131321,0,1218644099945552,1218644099962658,1218644100003389,1218647430198881,17106,40731,57837,3330195492,3330253329,1,-,110,5500,1218647430200894,0
1,warm,,0,-1,0,0,0,0,0,0,0,0,0,0,blockhash,0,0,0,0
2,warm,4eCFZ345KsmAVpHFfBvDAa2oKr6sqbMSCVDotq5tA2CgFLFD3KqViBbchRCP2e2Krqbkzizj7VPShyvnSLnKfLuZ,450131383,1,1218656252041475,1218656252058911,1218656252114675,1218663912345672,17436,55764,73200,7660230997,7660304197,1,-,75,5500,1218663912348927,1218668078841689
3,warm,5B1w87Y8XjH1oZ31Wo4kaLTHQVobKtRNY18mkZ4gcAN3b3S2Y2WewXGSqzpocvEKQ2nkANPPyFLaFASxwVafuadV,0,0,1218668500158369,1218668500176176,1218668500229766,0,17807,53590,71397,0,0,0,not_seen,239,0,0,0
4,warm,3JW8RhAZW2U2Ph9WYnde7RR1B2AXrq8fFc1t7S62SEqPfbNkFxYVcqgrzHDj1JxyNkkqPA67wgxKfypctpWvdLJq,0,1,1218698952438293,1218698952455499,1218698952515789,0,17206,60290,77496,0,0,0,not_seen,228,0,0,0
5,warm,62Vq2dn65pJEjfZUJ6JbUPRmMf4Rg6yMwmxZhdzv68VxUA33efv9e7S9V7V3aLosc8QBpxLCY9iKdn76PkLFDJFT,0,1,1218729512429663,1218729512446969,1218729512521020,0,17306,74051,91357,0,0,0,send_fail,0,0,0,0
6,warm,2kkAy2bQE9eRT7g4C8fD1Yd6NwJf3MFxbEUYvjBLkTPickUwppJ5i5qPRjiFJ4sK3fkozGvmEKrSLK9QA1mvyLZ7,0,1,1218729922822178,1218729922840205,1218729922881637,0,18027,41432,59459,0,0,0,send_fail,0,0,0,0
7,warm,4LaWiTsbbrpjBtEAL142oySiFUYgcsvE87sX552nDJbq24GLxp2FofKW56t2hy7UURMgtCUYLBB4kUEAsFvtr1t2,0,1,1218730306807874,1218730306824299,1218730306862066,0,16425,37767,54192,0,0,0,send_fail,0,0,0,0
8,warm,39ZAPjigC9Cmd3Ke1uDzRfT3UkoYWC2C3eUSsPVV95Ra2rGoLyQdXsBvLoP4ps2YoVT1kCJ1xBdKx3dXkQdWuPdJ,0,1,1218730724532604,1218730724550280,1218730724596419,0,17676,46139,63815,0,0,0,send_fail,0,0,0,0
9,warm,54zGjAQtu55c15sios5hSEaEGSHdZbGkJ5VLwCEHN3N3ZmdQRsJeCUNQ9ETJZfjUEmVQbuwQQ42mGB3dKAyqv1ix,0,1,1218731128650723,1218731128672215,1218731128707278,0,21492,35063,56555,0,0,0,send_fail,0,0,0,0
10,warm,Movy3oR3ZhtpKEuxD14F9iz3yiqWEzvjUpp1Y9yzcLKYW3E2RwnPDvVQV14ZkgrMd37jHx2PsVD74TmRCV3fsti,0,1,1218731540468668,1218731540486925,1218731540541677,0,18257,54752,73009,0,0,0,send_fail,0,0,0,0
11,warm,p2kDobpojLAR3e3QfYbV5umC37kjmeaLdrwksix7mrfRdUNed3HTS6L8bxqCxPEFX7JriWr9Bgdm62EA8EAcfUj,0,1,1218731951582196,1218731951602676,1218731951650859,0,20480,48183,68663,0,0,0,send_fail,0,0,0,0
12,warm,5jMvNC8WbqNL9H9Y1Zvei6Y8s1JpqCbp8vVDV6aXUUzoBwQbY7GaTtHhkk1k8Wh3RuFrAruBxnDha1Te7EST8Amt,0,1,1218732352828175,1218732352849096,1218732352886092,0,20921,36996,57917,0,0,0,send_fail,0,0,0,0
13,warm,3PB2FRcP3mVTvahp3vLZFZXNzkWGYgijb7f9pSPdVrckwwSmu4dJ1BFxNHvEo6GsaVnPFDhMxwbustNcDUr631EH,0,1,1218732765444207,1218732765458599,1218732765488043,0,14392,29444,43836,0,0,0,send_fail,0,0,0,0
14,warm,5SmeAWgrcnfKmPprvF11z5AJ36rWbwjL6LyewyzhP15rJXgd1noLgfCQvaCew1ZLtGcFGeEi6sr7WwbiJjAh1qvg,0,1,1218733176667680,1218733176690805,1218733176750073,0,23125,59268,82393,0,0,0,send_fail,0,0,0,0
15,warm,zmxQrchJX4FZxwiFjtoev4BMyT6UBsowQ3jnRwoSKPyCnQva2btH67vsZTFpmjCcxChwC7VFK1Zwx9ocKzBm1T3,0,1,1218733578651827,1218733578668211,1218733578711586,0,16384,43375,59759,0,0,0,send_fail,0,0,0,0
16,warm,28cgG1kDkGuNbfC34dGjdWJamTYEqSoYJM6CjJ9ssDQjd2TAgiuTiTKNyeuRna6s4xEMLHwEXz2JGR4kk87CAF5P,0,1,1218733980651557,1218733980669224,1218733980711257,0,17667,42033,59700,0,0,0,send_fail,0,0,0,0
17,warm,5Tg1mhCEFsA4NapSVZBSDsbzcGvGwy3nKC9dHsgQQyZF9DTMZKX3i4cvE12WFj2H2EjgsFBPEd1aD3voq7Ffm9iX,0,1,1218734370579451,1218734370597137,1218734370644188,0,17686,47051,64737,0,0,0,send_fail,0,0,0,0
18,warm,126UpmZCH6scLSM4KAG7TDwpEv8TC8iz7kyJ5RAkTifPVFwDNoaMEGnqaw7RC2P1PRmxh12MHqhs1LT3qiUEWnrh,0,1,1218734784014382,1218734784030336,1218734784070406,0,15954,40070,56024,0,0,0,send_fail,0,0,0,0
19,warm,39CzMrScK93on5osPRYDqUA4Lj5o74DU2bovopiJjaZLa4zBR6g1fwtXUkFVpodzuDsU3gQopAgEGLyGUsQVLSQo,0,1,1218735194887850,1218735194905767,1218735194940729,0,17917,34962,52879,0,0,0,send_fail,0,0,0,0
20,warm,4mVSaftgxL17fTP4tTFR9WxbzzcCM9V42aBn6aN4ksBg5fzpXEbjzp4RSRfFNU4HVF5SkWXFVkK7LExSFxfvtUoG,0,1,1218735604619534,1218735604635658,1218735604684782,0,16124,49124,65248,0,0,0,send_fail,0,0,0,0
21,warm,2wgVp3EgH7UmV7KC9ZLmqweARNGz9Aw2CexUEdoKETvAst6dYSHDZidnWxVbwPHqvXUSi6s2HGm54Ut7oz1dFzni,0,1,1218736005463109,1218736005480054,1218736005525753,0,16945,45699,62644,0,0,0,send_fail,0,0,0,0
22,warm,5w1f8vRxLcrr8h4RBfx7VKoGKsuRaZeDwmjPpAPfxGSCX92R9vG4sKmPG6PhMPmjzcvohp6UaM8ZtGMmknUVNrC6,0,1,1218736385287851,1218736385304776,1218736385344826,0,16925,40050,56975,0,0,0,send_fail,0,0,0,0
23,warm,2tFnwP4qVPR4vnMiP3r2HLFWohdJwF9gsc1AhPmigQXSHRxi3LTPkDuD5avu8gRBCqsDKAEYDAMkVPVrkUaYH5mn,0,1,1218736785806739,1218736785823904,1218736785871656,0,17165,47752,64917,0,0,0,send_fail,0,0,0,0
24,warm,ewCM4nKfU2owwejHrRdmrG9oZ4RXgdzRX6oDwJYCEtw3Pum4aqebHYJFtK7w4DMseQdTDMYTC1we8rKomFfAHnG,0,1,1218737207293313,1218737207309918,1218737207356528,0,16605,46610,63215,0,0,0,send_fail,0,0,0,0
25,warm,4R3CA8mTT6zMVwiDk5ChKo16N7Ugc9qigRnGB7gVSdRRTbyjjdBfHsk4WZ1PZbWfPJ2tH5CVkvNGpmbLBHK8pTZP,0,1,1218737819897563,1218737819914789,1218737819961949,0,17226,47160,64386,0,0,0,send_fail,0,0,0,0
26,warm,2rFjZmKQ9X8ATxvguhqTzUfJTSDRcQeKTiYx7dm2DEULaogaJmvEnXCe3Bn5gdKj5uD4rMHLRVZuV85todcrAaPG,0,1,1218738231528527,1218738231545252,1218738231596649,0,16725,51397,68122,0,0,0,send_fail,0,0,0,0
27,warm,4krbX6RgXeua1GNqKGQvgmvRr36EbMBUpr6Uvz6qc34eYfpXWbkPzb3tvB6KMPyh41DDvW9zbdaduE5Eoz2kGT37,0,1,1218738633531793,1218738633549339,1218738633599534,0,17546,50195,67741,0,0,0,send_fail,0,0,0,0
28,warm,5dPvgSsgUr6X1wfu5hUUMaXse5sCxLgvFfBDSdx8UoLgBCZQXr2qvyX7wicheHd8irixPTfBCas7hHPqeRSFFuLx,0,1,1218739043321644,1218739043338339,1218739043381614,0,16695,43275,59970,0,0,0,send_fail,0,0,0,0
29,warm,4UL3k4NBmEAvCssPrKrgSq1ukXHDnuENRKvFAUSxysCShjUVMgciosy14aEJAKp44TSQX8qdqAiXXiCEZwSEGxTg,0,1,1218739444097908,1218739444118469,1218739444169916,0,20561,51447,72008,0,0,0,send_fail,0,0,0,0
30,warm,61665vEgfZNyh6nVSdCBtFF3Z4SXBXYQEJmkyieHZ3bf5muPy1MUbs1rcstb8v3ERXTMjiw3u4Jq54T3qgfMT3T6,0,1,1218739846575796,1218739846593903,1218739846638450,0,18107,44547,62654,0,0,0,send_fail,0,0,0,0
31,warm,34LWkoDYNn2S3KdKWxZTq173Tky87VnWsUR22kaUJysC8urZfLJ4grwH5rFL2ZcPzZiE39Qt6YQqrkC7kzstBiaD,0,1,1218740239370202,1218740239385425,1218740239429300,0,15223,43875,59098,0,0,0,send_fail,0,0,0,0
32,warm,4YUm3eyNbVqHytcd5r5PffZQqo6NwiA6Wr6GHn3M2rZMoAQgUFiQWdC5ggco2B5ySbGQjXMzWmcp1MGWrTcHBPGL,0,1,1218740645356535,1218740645374071,1218740645416174,0,17536,42103,59639,0,0,0,send_fail,0,0,0,0
33,warm,4aiTCJasLiN8HcGGvNBzvyMVdLAFNBZiFGKpDiNTWHEU3cp8PW1733yZpj5tBrASYTD8FSdxZXHdDXb3Y33dA4HF,0,1,1218741047254182,1218741047274743,1218741047320592,0,20561,45849,66410,0,0,0,send_fail,0,0,0,0
34,warm,aoY5L6ArJykFD2nrXku2uSefCFB2Z29CxT3mks4pGtc1EfvWfFmgT6LWKzc2aa7JQbiBG3QMajP4n8F75ibef6D,0,1,1218741473374681,1218741473392207,1218741473438677,0,17526,46470,63996,0,0,0,send_fail,0,0,0,0
35,warm,5KwgRV2koiMuRBD6LtAT3FR5WZcVNE3vUkGCK3kNWkiwu9Aade84w5czGhxwwpptfQ45iZhYDbyGTSAzU7YC5yeF,0,1,1218741874127159,1218741874142973,1218741874185207,0,15814,42234,58048,0,0,0,send_fail,0,0,0,0
36,warm,5Tz64uHC7v9gZXd2CvAAej6DwFEsgUzahhE8XTLCBxXHTddnKuLepzeoxocBoTJ2E8v2t3UD8iUZyyLBzsRsTxhB,0,1,1218742270820596,1218742270837922,1218742270888729,0,17326,50807,68133,0,0,0,send_fail,0,0,0,0
37,warm,3mrJrReBxxb6zmtMX7RterN5e1dPVHSLQ2EADCoRAp8PytHQiBisUkq5Qz11MnMxD28zhJ266SUJxJYoeCZYsMYk,0,1,1218742672033706,1218742672051233,1218742672097212,0,17527,45979,63506,0,0,0,send_fail,0,0,0,0
38,warm,43VWYKXF6Q5Mtz9zvbaRkA5mPy458gwYCUV4o63FSEZKQR4iqRiwet8dEpfv4aXAfTqrenqrFxwPdcVo4u8q95ZW,0,1,1218743071303900,1218743071321617,1218743071378152,0,17717,56535,74252,0,0,0,send_fail,0,0,0,0
39,warm,UUsKEwe3B1MpRqEeDfL3aM9PNNG36rxhG72PY2TjgDP5GnaN3DXKCC74vgAdrGMrsoGMe4Tpd5d1jQ8fjGbtSeo,0,1,1218743474219014,1218743474239736,1218743474284252,0,20722,44516,65238,0,0,0,send_fail,0,0,0,0
40,warm,4wAWdgqGLktCw65BxadcxWBm89p5knX27HssDM5RNCc3nxY1xbct2q5HA5CoKrT9CveFmh9TwwKH4xuPKg5YzPE,0,1,1218743874550872,1218743874566635,1218743874603030,0,15763,36395,52158,0,0,0,send_fail,0,0,0,0
41,warm,3Ra5F3j9sEqD2rwwH4JraPibPDRyPhSK61CEotjuaZtWgbcweTiFDiyc7BGdyfNvuV5Y3jsMNzCLYY2sgHibSMh8,0,1,1218744275583921,1218744275602900,1218744275646265,0,18979,43365,62344,0,0,0,send_fail,0,0,0,0
42,warm,32vVxaGTLVTZbJsZnEiWAG78oUzMMthcTMcaSaq3uzBV8rpZ6hwWRUwvu9ECSaTdWFyJBoffXwS8Dbe54tnRsVid,0,1,1218744682780731,1218744682797506,1218744682841923,0,16775,44417,61192,0,0,0,send_fail,0,0,0,0
43,warm,5kHBLsosUapaEKBREsz2nvJNvhun7U8wukRZaGu7vCEt6eLsbshDpbm2phmYhaMHRysDsYp8WExus5BU2iP3qBGN,0,1,1218745112780622,1218745112798519,1218745112838929,0,17897,40410,58307,0,0,0,send_fail,0,0,0,0
44,warm,3WRwZrx6DHRWY7CREqFKDMqwdFoFzbAzgKToNhA9bWnMf9M6UM4bQgXzoJTsQrddMjJvc5gKnB52FPzGeNBHVoha,0,1,1218745514610127,1218745514630628,1218745514682746,0,20501,52118,72619,0,0,0,send_fail,0,0,0,0
45,warm,3G7RWHEvKZA6LnKBJKHg4LvtPbRhR44THCroffQ5CTNappqP6nSf4VvrEpLjNGPttLL3TiFKpYFLjLmsstD16xdV,0,1,1218745926006679,1218745926026419,1218745926072137,0,19740,45718,65458,0,0,0,send_fail,0,0,0,0
46,warm,4j2tUJYz6mi379wN9K5f4UAeSM582fPKATaz6JNYxHgKSR6DbvVdnqhe8rT9uUbpG4o2DtZgTpWH2YbPLmCHybYN,0,1,1218746334215347,1218746334235968,1218746334275988,0,20621,40020,60641,0,0,0,send_fail,0,0,0,0
47,warm,3UTaKRGMw7nRFjWTbM7DEbEp5FJYTTAA8nsru2d1pztwuZboetW3eL9UjfgMJ1AfZMjUh2cnSqa5KCNFawEseFXy,0,1,1218746727568091,1218746727585607,1218746727633549,0,17516,47942,65458,0,0,0,send_fail,0,0,0,0
48,warm,4ABFGoLKf3aAcWpJR8VtuqFVcKb5DezyyMQA8jr3eyGEYjrhx4f5WFMfkfs586NGYYo4FXqQxmzLcpA5Wb7HLhjr,0,1,1218747144041963,1218747144058838,1218747144101683,0,16875,42845,59720,0,0,0,send_fail,0,0,0,0
49,warm,3YTUkJir4UeL9eDiPezezgroKUYB3z3R6SLwyTxMGwrka75v1z8FBKNPZmfz1kEitBcHKcYW1NoDXrXosczRUuWC,0,1,1218747569650133,1218747569664194,1218747569709162,0,14061,44968,59029,0,0,0,send_fail,0,0,0,0
50,warm,2XLEzPtZ54jjPQNZx7r9SfLeUW1mfZDYTmEKiZyq9pctMNiZCQ1NQetQ9PQLNrMPyTxvDpg5BDHLZZnnpktF3bJK,0,1,1218747970129912,1218747970147399,1218747970192216,0,17487,44817,62304,0,0,0,send_fail,0,0,0,0
51,warm,2xXMvPHXBttjbYtonkWLaDRxgLeKPqC68xsv5P8bCpriaYrG46BxrJYtjeMJwdvyvaK4DEnYfBrAM9kujJMQZbvG,0,1,1218748369163842,1218748369178804,1218748369219045,0,14962,40241,55203,0,0,0,send_fail,0,0,0,0
52,warm,5NucMwffBz4wPxpYJwr58DQ1yFEHNaAu9zZAz9465ZkZiHoQHSJDKoazJtV3xiJ1R3KLhxoBqhpg1PXCviemUPh5,0,1,1218748779457790,1218748779475486,1218748779517459,0,17696,41973,59669,0,0,0,send_fail,0,0,0,0
53,warm,U9R7nNhnZayyhhWMcghnoKXqiXPGKmwmD3bbxe4kj1LYfjtpgHTwqPipzCXJM4bBLQhaD8ChQpgtksWi91cbqB4,0,1,1218749173015571,1218749173032176,1218749173073237,0,16605,41061,57666,0,0,0,send_fail,0,0,0,0
54,warm,48Ai2bhu5nbn67zqKK8s4JL9Yj7Hm6ZKG4YmhJxRAqrjdPsHqxCJa2SZPM1SPWgyK4QCgCJ5nvQ2Gk7aP7MNZ8tt,0,1,1218749571607207,1218749571625364,1218749571665404,0,18157,40040,58197,0,0,0,send_fail,0,0,0,0
55,warm,28vtax2RU5teQAw5jq2xRKiRXr9a3z55pKtYj6sxzUjvyz7q8piqEJN11qEFDxkaRSq85cnPzZXvrypw8QfSYpXy,0,1,1218749970670230,1218749970686935,1218749970718172,0,16705,31237,47942,0,0,0,send_fail,0,0,0,0
56,warm,5GLRvoc7aex1tQnzZ2wSNLEunCKHj2JQpMNM3vbpcoPXLjb5Li4jXVBtWmS1bBVMGKgDDUJvVNPcBPTK4vG6x4MD,0,1,1218750356512943,1218750356530269,1218750356579293,0,17326,49024,66350,0,0,0,send_fail,0,0,0,0
57,warm,4CHNsM48jNBp84DD2zuLktUNoDo4rMdVUPJWGxGiNaE3EtmdhPtvvoeec3fBPvAKw9YccNykiMMDWRvfqKoVJECJ,0,1,1218750757168746,1218750757187344,1218750757233383,0,18598,46039,64637,0,0,0,send_fail,0,0,0,0
58,warm,MsxfhCRNBDGcCjmvgpuJcnjwRYf2S6PjtFNRkaRRi3AREUmEUjbYvJPhH6DxdPgsAimoFV49o6piHYZfCjm3Mr8,0,1,1218751149914469,1218751149932326,1218751149976132,0,17857,43806,61663,0,0,0,send_fail,0,0,0,0
59,warm,2ndRmsQ8xxKLj83qukAgpu5QPdxGNNU1Go6YBpsuUjLuDu7XJdVnDgGyCacSDBkJD94C2t7AEVgPqbrRANgxNfSg,0,1,1218751529825831,1218751529840162,1218751529882216,0,14331,42054,56385,0,0,0,send_fail,0,0,0,0
60,warm,3e9sm4q1F6NihUXXJXQtxcoCKEuAMQ72N91AQbKCzn6R1yo7363aqsxd3AV5KJWsXjvmEdx4ay69BhBtByz2sK9j,0,1,1218751910359156,1218751910377413,1218751910413628,0,18257,36215,54472,0,0,0,send_fail,0,0,0,0
61,warm,2i6NH2iGKVirgyTwaQXM4bu1uzBk2tiaPjC7dVQTs5W4njQHDq2S8esd92nEx35sMuYxRRyHTKwjdDkcWt69Vryq,0,1,1218752296188059,1218752296203852,1218752296238975,0,15793,35123,50916,0,0,0,send_fail,0,0,0,0
62,warm,34FGS4EWjtSuY7hqgH4DufCjWxSnJwr61i1mFj86pM5Pz9GoDpdZ1HUZzXbFkmQMVAtETzZM6zTU6pJjHLvyBcF2,0,1,1218752716491498,1218752716512159,1218752716557226,0,20661,45067,65728,0,0,0,send_fail,0,0,0,0
63,warm,DLofpzCxfjXZLaWtdhqg2yLLy8AJmLgCQPVXh4ZxNHYgqbN7CHTZiuSwrtYZyKWF9kpAkJ218juvKHbLjCWAYCH,0,1,1218753502452197,1218753502469283,1218753502521030,0,17086,51747,68833,0,0,0,send_fail,0,0,0,0
64,warm,5voVs27TBBkiy3SZnNqBwH1VTK24QDD8VQiSeLSNXD8P6NwumE2dxDkyEjWw6hMasKk7bJ8xqCAUBpiHzN3N5Vvi,0,1,1218753911792273,1218753911810270,1218753911849669,0,17997,39399,57396,0,0,0,send_fail,0,0,0,0
65,warm,3eebSFaoP6UJ15xGEX2Vfp5sYnah8y5RZpx3Uwwxiyn5VHpBYJ33yF62FDps4PXoTYdqnKvuz6ZLeLcmEXaqCNjx,0,1,1218754312488978,1218754312505092,1218754312543119,0,16114,38027,54141,0,0,0,send_fail,0,0,0,0
66,warm,2dtdhyABhefVQdFWJwKvMYqtWTAwvV7R7eLv3iMZgM3smGp3vzuJwbBXEtrfkZgHnMkiRzo5e6g9yEbfmqPyrT38,0,1,1218754843810294,1218754843831116,1218754843872197,0,20822,41081,61903,0,0,0,send_fail,0,0,0,0
67,warm,4BDVQKEr7Pbmc4zHJB8qXdQBK8zW9MqZ2LeymYYU43uMDuGFkkydZJCWKi9h5dzPY1UA2Uw2jRdfbbtwwEmTN9FH,0,1,1218755276470147,1218755276488004,1218755276522375,0,17857,34371,52228,0,0,0,send_fail,0,0,0,0
68,warm,2voSADhDHgtqb4L833WqdXb73JyLbsFvnapzPzAgatbPBT4LTk9qn2Fw8kvfbA5USs64dEQ6KZYoe88F5BxHVyXZ,0,1,1218755677561494,1218755677579862,1218755677617208,0,18368,37346,55714,0,0,0,send_fail,0,0,0,0
69,warm,56uRAJh5TLwngPzE97dzsJd5KJMKzoCuC2jWgPh8LsiPuvKx8yA87wZZ4DrDKyCKjunxDAc19zUyR4PuRnKDesz7,0,1,1218756087306107,1218756087323784,1218756087369262,0,17677,45478,63155,0,0,0,send_fail,0,0,0,0
70,warm,2ie5Yw4Q931Q3k4ZsKenj16v6dzN3wtepjgdVsr1ZrTkPfAGZ9UTjEi9wF9zvHKUpAzxZxYkcq8qiLUj68vR11r9,0,1,1218756483151933,1218756483168808,1218756483211282,0,16875,42474,59349,0,0,0,send_fail,0,0,0,0
71,warm,4EqzQQK26fHtDuJcsoj1FS6PB5RmiWUhL2w7YZcndQTsTFX2cDBfyVBZ8ZhfRV1aMLduLcAdKX3P5LtdwcLentpx,0,1,1218756889326779,1218756889344315,1218756889394861,0,17536,50546,68082,0,0,0,send_fail,0,0,0,0
72,warm,5Wqfs2PK5YAnxV6kognVQA4oL4VLXybPisVuiTARL6FHUUsr2xsRzusAyAGPkgefGw4xPtmUPdmDbTbE3UX7fi35,0,1,1218757317272396,1218757317294980,1218757317343673,0,22584,48693,71277,0,0,0,send_fail,0,0,0,0
73,warm,31T1HMuF7hdnhzd1aRyKpSHL6j4efeEpDGDBp6n4Eod512nMz8FMy6bidMmP7K846KAwhNuf7axo6PANfFkNEcwf,0,1,1218757718491816,1218757718508741,1218757718552887,0,16925,44146,61071,0,0,0,send_fail,0,0,0,0
74,warm,42JFLYXAD1R1pMFxZVzjeHUj6xnD5XAXY6dXjha3xVxdqwrNmRbAFsdyC7WUUm6UgZNZFm7mf5QqWVRKE3WwaGw5,0,1,1218758119402512,1218758119419477,1218758119454860,0,16965,35383,52348,0,0,0,send_fail,0,0,0,0
75,warm,nKPSFMH6HZJoWUtCwEnJhuDb8B9UegDftZ6zsVWDuM4mKu2gSoiXQfnRQAa5SsicugTJU4nNr7DdEeBVZxQ98gc,0,1,1218758522898618,1218758522914271,1218758522955463,0,15653,41192,56845,0,0,0,send_fail,0,0,0,0
76,warm,26oV7oqaDEYXbxQ8aTj78MQQcz6VsbVaSBxwXeZCKKnAXy7QStZ3QfxturYKPryRk8D4bdKXZr1Cy7MsPviuAD4f,0,1,1218758922887681,1218758922905217,1218758922953930,0,17536,48713,66249,0,0,0,send_fail,0,0,0,0
77,warm,3QR1XpWRRmdjdRbgNTqtBj6KVrKEWC9joWK2Kv1PPsp84THp3syxZhBSF8uPTQVq8x5MvF9kGUfgGjBdqfcP1xxV,0,1,1218759325459029,1218759325475884,1218759325515694,0,16855,39810,56665,0,0,0,send_fail,0,0,0,0
78,warm,cCY33VJBSmwqJe8vNf4embBLordSmkBRke4JpjXbhahgjwmEGDVEkUi3Kb7RRJfFbB8YtsJLfMuAdEzVnLDydQX,0,1,1218759727501824,1218759727519260,1218759727555895,0,17436,36635,54071,0,0,0,send_fail,0,0,0,0
79,warm,5rizXLh2Ziw2GCfUmUeXpmVoJJt1Z7vwrtEfhan5wqQLtxvGsJzkujNKegtYrxLQUE7nAtuHNLduoPwE9qqWboG8,0,1,1218760119180285,1218760119195918,1218760119242388,0,15633,46470,62103,0,0,0,send_fail,0,0,0,0
80,warm,hai5HEMSwbDeVQQqxsW8m19BwV23AHTxU7cWH8PPbEMd7U34g1kVmbE26wRi3MnssCRNEitSkLXPauJwYwSyYpy,0,1,1218760520746374,1218760520764131,1218760520800826,0,17757,36695,54452,0,0,0,send_fail,0,0,0,0
81,warm,5UAM4P6ZdpLoVPTU6w4GiKengyEP5EJ8UHz2yUPzKD82GLyGSxa8sNrukPV3wNFHSo863seqv5TFfZFSnDqR1dzC,0,1,1218762759626113,1218762759642999,1218762759696609,0,16886,53610,70496,0,0,0,send_fail,0,0,0,0
82,warm,2PwsDRvV8xB4Ho7kk3Sbf6S1jBdiA6AzXGocCXRsjg8xaj6qFzdJQoYvY8cJMX1r1C9Ftn5audEUarCFVEkU7d6S,0,1,1218763161010771,1218763161029509,1218763161075988,0,18738,46479,65217,0,0,0,send_fail,0,0,0,0
83,warm,5T4vggx5KRVXGoxihu7FwCgi2EJjGM2evjygqNbcXukyV2bQPoiKY3XUmmKgD2PPUzPgZ8k8CrVkz4kpjcyZQ2j4,0,1,1218763568622373,1218763568645838,1218763568692328,0,23465,46490,69955,0,0,0,send_fail,0,0,0,0
84,warm,5BH75YohgQNKASwEzMBSZVQkpP1o266epNJiY9Ff6FwWkW2o61ZN1M4wFcWJYTA6NHXKAqgkTp4qLXFNbNJRQZoc,0,1,1218764000507423,1218764000524879,1218764000562475,0,17456,37596,55052,0,0,0,send_fail,0,0,0,0
85,warm,p6rPuVUHJREWZGLdXEEyTwv3c6oMU5BHXSrMj4f6Xwh8t7qNW29niKtqqiRu5igt4C5yDksPF2XM2J4Mkt2ivse,0,1,1218764401739691,1218764401755245,1218764401800412,0,15554,45167,60721,0,0,0,send_fail,0,0,0,0
86,warm,5XBeG2UVh8EffDcNLAXs9nv63mhrrEAPrY4dHbJdoRapvBcaAY8hfThJCeDDx4LnSAUEhpEcMJhmeCoHC7ccTwUx,0,1,1218764795752275,1218764795770182,1218764795815600,0,17907,45418,63325,0,0,0,send_fail,0,0,0,0
87,warm,2E2RMJ88qJvZvsSjFSzKAY5e2XcGCYsxAc2ATYyxidDKG8pjo58eE3cm2kYaBLw2nsFyBG8mVskAS96Wm7yF3dKp,0,1,1218765228302083,1218765228323365,1218765228364106,0,21282,40741,62023,0,0,0,send_fail,0,0,0,0
88,warm,5FvX2EsnKND31Vbv7bpin8uXWZ3rfR8iM5vGJioY4HMdyji8uWTW2eB9NU4M1sbJ6sAdP4LUeqGk4Yx4bo3JVnRP,0,1,1218765628178116,1218765628193058,1218765628237054,0,14942,43996,58938,0,0,0,send_fail,0,0,0,0
89,warm,3Fw9bZf8JeGAZPGovLHnL3NF3jgZ15Zy6XrvHZNGDUywgp5UZb5kxYdjfYEAUM7iWnHTpbvoS6jA6H39zKua7zVh,0,1,1218766038884102,1218766038901919,1218766038932214,0,17817,30295,48112,0,0,0,send_fail,0,0,0,0
90,warm,4VPDofDyR2EMjXrhHfhfCoA7DWVeTUuTU3uEDikDxJZeRkLG5TNgKNt5GGyhXDzsCK5q67LVezPzZg2vBL316qVc,0,1,1218766440324092,1218766440341809,1218766440383582,0,17717,41773,59490,0,0,0,send_fail,0,0,0,0
91,warm,3x5ZuioZgF9wMujpwo5wBfZUdk3jxXJEPkQZLB4eERVbsmx45Y64P5cWo5j2eTVX1WHzwLxtm5X9aj94AGo7F4zb,0,1,1218766841038153,1218766841055950,1218766841110231,0,17797,54281,72078,0,0,0,send_fail,0,0,0,0
92,warm,t1TUsRYxB5EbzmdkVj55rp1A8uG72z3WvNbw2qm5onbzThAirRLiXjiU8DEYmSFsgjJD1hTRuKKsqSniCgKHygF,0,1,1218767241524172,1218767241553035,1218767241594638,0,28863,41603,70466,0,0,0,send_fail,0,0,0,0
93,warm,Jrq6nMsdqJXRmYAWVTLKcgkEf4AMnczmJmQYjtVFR4MfAkrmDfEm4Et1bKWjgrRKKcavGZEsXf9d5tCbWASZT9d,0,1,1218767656834958,1218767656854838,1218767656894267,0,19880,39429,59309,0,0,0,send_fail,0,0,0,0
94,warm,5GysK8DLxSH6DXwt9zuY3fp488yGKUJC8J2FnMRY5BbFzz2Gr9nkTF3kg7XWYAEButZ1rJqUVJ2Qi9Da3TfuCPCx,0,1,1218768056628388,1218768056642849,1218768056679825,0,14461,36976,51437,0,0,0,send_fail,0,0,0,0
95,warm,2U5WUALRyRjhQE7mzZ6aAePdozaJjXbn2iNGgf5Sv5dsAZUz3BUo4JMkmsyd5iAhay36WzdeDq8Nhjq3MunSHBsP,0,1,1218768466738449,1218768466756977,1218768466794083,0,18528,37106,55634,0,0,0,send_fail,0,0,0,0
96,warm,4jzV62zfH3WNyfvbcWMHjB4HGzLhvg1Zx8UeVa38jf54HWyWwXuj6KcL6pzxTUGs9SyULDeibTyDaStbR1bDKmJr,0,1,1218768866369896,1218768866385559,1218768866420742,0,15663,35183,50846,0,0,0,send_fail,0,0,0,0
97,warm,561CFEyvZiGGYDfWDSQZKJpnyJGkssmBE3MdaGxrQBMAiaZyyKjqaokrumWB4348urn7SMize68GBbfnnbCBT9wW,0,1,1218769266624928,1218769266642754,1218769266695814,0,17826,53060,70886,0,0,0,send_fail,0,0,0,0
98,warm,4KzN9E5s1wLKyuhsJRkZ59WTKDcJsdLhXEBL8x6KXMthVw3Ks3SEMjXDAYYwwVJ1h1saUQEnmMiPmPyjEeo23v46,0,1,1218769676743742,1218769676761109,1218769676795400,0,17367,34291,51658,0,0,0,send_fail,0,0,0,0
99,warm,61ckvW61cnwfkHAd7T64b1LtZUhXBk1LKyprbUL8hykVhC6HkqW7S1pLbShSjcNtiuD1bVfMjnHbvYrAYowmLESM,0,1,1218770077871044,1218770077890352,1218770077932045,0,19308,41693,61001,0,0,0,send_fail,0,0,0,0
100,warm,45mzTm4W6pZ3tTGJVraqSTnTiR9h8gbfRwKNVGRBJe7nEDkfFJ9NQsTWDkpnKUNSt5yuUA59QkgiQEERNxX59g1F,0,1,1218770496550005,1218770496567781,1218770496605768,0,17776,37987,55763,0,0,0,send_fail,0,0,0,0
101,warm,56fVUFUPS9VWgLHT6NccyCuLxSRHFB2kxFZDSPt2y1Rq9GQz2vz9kQBeby7G1nwjt1iW9YTCMk96kt8vY9PA5VtN,0,1,1218770910323675,1218770910338777,1218770910366268,0,15102,27491,42593,0,0,0,send_fail,0,0,0,0
102,warm,2ykDC4z1qhF61jUPqbUMhbjvuUaFTegZ7zPE9vvmfzxzhLwNwwHBpHK4K7N5pgs9bvcPdNjfMG7EeABrhsoBuvaR,0,1,1218771321996331,1218771322019276,1218771322065685,0,22945,46409,69354,0,0,0,send_fail,0,0,0,0
103,warm,gczVSQNUEG9mrfUuDJdBEKEBdNkF3VHLyvRHBXvZZz2oQ4HgcrpePY64o84DBEuyeNehE5x79UtCeKMGRy1Moky,0,1,1218771727414962,1218771727455563,1218771727503826,0,40601,48263,88864,0,0,0,send_fail,0,0,0,0
104,warm,2JjbjfnhvxqxDASA2fKBnDeWPZkxrPUQ7wahEepdibdGAvpnTzfAjBfwkvBhbnFMygsnSrqGww75SY7XmAWLDqDX,0,1,1218772138768160,1218772138789311,1218772138828901,0,21151,39590,60741,0,0,0,send_fail,0,0,0,0
105,warm,3x4TQjGc4c3CUvE4QiXDPiuLZYJJitxhztbmdKSSHRP4tWa8ys2wREgc7Jwdn3eL3G8HUfki9tXGzjaTyqFcKucA,0,1,1218772524794719,1218772524812495,1218772524855470,0,17776,42975,60751,0,0,0,send_fail,0,0,0,0
106,warm,BDxHJd2BDuk5W9hzx4mhbcfRS2Q4JVtVJeG3pDiQrwedbn6GwiJmkYs7duCvqQkEgK27nSWyZJtqjKPGfojKKL8,0,1,1218772925425985,1218772925441308,1218772925480467,0,15323,39159,54482,0,0,0,send_fail,0,0,0,0
107,warm,XfhPC2NkhTt7rUwVVNZCBCjVfrfHZErtCgvEYJ9vuSVy5PRJJLsSNJYmwArRtdF7fAsJSxbRxzHMoBr4TkFyjRw,0,1,1218773336038030,1218773336052102,1218773336092382,0,14072,40280,54352,0,0,0,send_fail,0,0,0,0
108,warm,dTtkKKV7kKjwjY8uPChit7Lb3ZnXG5esZZhVa4hR2cUpMtgSGVkjsYXtW8REZRg3667zsGrDFrNHRZ3oWKkpYYb,0,1,1218773753357612,1218773753374928,1218773753416680,0,17316,41752,59068,0,0,0,send_fail,0,0,0,0
109,warm,4F1Qp6hxGyfXbzoK6Uzkw6GmAKrX7ej2u35fa3cXjXaPiy3uByWh4pUbn23vaEt39MpE8JjQp1gCV4HFH8eUsYR,0,1,1218776723861917,1218776723880114,1218776723937280,0,18197,57166,75363,0,0,0,send_fail,0,0,0,0
110,warm,KerV87DJzCQYr8uVKX7H3xuEduPDjG9gJjZcwBnoErmS78UzkJbd5SjurJvkHZukZKGWnokYtCfgCraDoeFrGkE,0,1,1218777153959464,1218777153977170,1218777154014206,0,17706,37036,54742,0,0,0,send_fail,0,0,0,0
111,warm,3BNcSHJfVNgFarS9sSFuxCQ8ndVeSzqP7vAe5tK1kRhnoYuwBeKkwdckVsCGw47zJ5KzBrQgiT4bXm2VNu9ELgQA,0,1,1218777535488984,1218777535511788,1218777535560051,0,22804,48263,71067,0,0,0,send_fail,0,0,0,0
112,warm,5gyQ5CaQY1NJFPsgNJHxRFEgDFekZYmCAdm5wGFC8fZakXe3AXxhTPqhbztLVZRiQ51XGDvzaKM39EFj4yrDV2tR,0,1,1218777935872809,1218777935890486,1218777935937326,0,17677,46840,64517,0,0,0,send_fail,0,0,0,0
113,warm,3ejjLBcknr6ip3jVANMaV2ufvDqr3dthLs2eAEfVpVn97DD7CSthQutcqen1UkjxsyN3tTzRfyn1my4vgkmggim6,0,1,1218778345996932,1218778346014669,1218778346056742,0,17737,42073,59810,0,0,0,send_fail,0,0,0,0
114,warm,4XQjDVv9Js3NERdsM8Y2kzRWMwuNFxpz2AurdZQWBPqRNbT5UNBRRszJJUQMKQ3R82HMguphZBjSQWsNeShYMEnt,0,1,1218778767080412,1218778767098559,1218778767136666,0,18147,38107,56254,0,0,0,send_fail,0,0,0,0
115,warm,34rX9U35ZMhwwfX9497m8ui8qbWpMgaSw4iefES1UZE9NgFqwZFVSpxZ8jgNFyWC8cT7oSebHJo5ccEoBAeovMCm,0,1,1218779167601343,1218779167617297,1218779167650667,0,15954,33370,49324,0,0,0,send_fail,0,0,0,0
116,warm,HTawhmXecXX8F994sYgx6HVeLXQyUVmXyJNic76Z23nZgMGjYk2ZVkufj46bvsHnagTbRCdf8iURQaFWSTAcwVA,0,1,1218779576712826,1218779576731344,1218779576769431,0,18518,38087,56605,0,0,0,send_fail,0,0,0,0
117,warm,46GwSb15b5ugKSZAYcmTPAW6EYmCuN8jDzfrPdeQh5nb6GhKhnb7mHF7gMbVu2HoLK9wzgQiNE5xgiwEq5Q9kZNj,0,1,1218779988612464,1218779988629980,1218779988676099,0,17516,46119,63635,0,0,0,send_fail,0,0,0,0
118,warm,39kTsmpKv8DPD5jE2YRsorDJmPGivoZGeP8nHeyqFMHPQApw8nZAbeTaAvWpxXdjD1Y723A3wkDBLaaPDqker8Ad,0,1,1218780389487907,1218780389508277,1218780389551272,0,20370,42995,63365,0,0,0,send_fail,0,0,0,0
119,warm,huhQ3NCQojxrWNB1SBV2QoAjeJ1SBkjacEGLsF3M6J8hutMVD62QUzMqfb79bf5Sph8pshvBeKbycNQ9MRUrghj,0,1,1218780774364350,1218780774380374,1218780774421225,0,16024,40851,56875,0,0,0,send_fail,0,0,0,0
120,warm,51KVfVuWfSx9QApsEX3xbaVp5oqwyis4HeBwCCCkJXC4TtBzNwSGoHALNJ6UEdKLdehvMjavoWQsJpRuGR98S9zZ,0,1,1218781162332402,1218781162349698,1218781162397490,0,17296,47792,65088,0,0,0,send_fail,0,0,0,0
121,warm,2zyCHndbwKBfez9TyzPEAm3WhqfqcBYQvjqEzWYW5zQVqrhiXxrGMXWxbLhBCPkKioDQFLPtbzPbJZrD5CyBpXEk,0,1,1218781554595531,1218781554612797,1218781554646617,0,17266,33820,51086,0,0,0,send_fail,0,0,0,0
122,warm,2UTW9gK5NWSZsXuG7sgwBayJfGYLB6YCAezyuUnPMoYbidD3GxViovCwHqhBjgitnaFinA9NjtKZDpoTofqzSUZC,0,1,1218781957824125,1218781957840880,1218781957890204,0,16755,49324,66079,0,0,0,send_fail,0,0,0,0
123,warm,5S8VcPKHUeh2d5yqoLQnbhxHLax42ZYkw9k5QJPctestjgaC9uhLEGctyNQ3L1WtGQTN3hX3s8eNb9RZBAD5RByi,0,1,1218782358540580,1218782358558086,1218782358599969,0,17506,41883,59389,0,0,0,send_fail,0,0,0,0
124,warm,48NZXvUFo7SkmqAg8xg9sn5WksC6aUgYZNQQ5LwxA2cCDXGqrMzyWiYUwV6k7kwkiuNkSxqnrbJyJm5uQsNmF6Z5,0,1,1218782759990615,1218782760009133,1218782760047160,0,18518,38027,56545,0,0,0,send_fail,0,0,0,0
125,warm,2qcaFTjstVgEVUAzBSeQi7CNiTxTXMJChW1bcqZmLK3hznkCYwKXon9whc3dYNchFH8TvTvTWZX6EwCaMF1JNJX8,0,1,1218783156598574,1218783156613346,1218783156645454,0,14772,32108,46880,0,0,0,send_fail,0,0,0,0
126,warm,23biMka8MncXyxUwEXGPVjPGFCKE5FStTWEdwFng3FePE5YQeFWUVaACQ1jQGvgZZYe5HyB7hBD33LC4TrDg1iYM,0,1,1218783566600914,1218783566618601,1218783566663698,0,17687,45097,62784,0,0,0,send_fail,0,0,0,0
127,warm,28GncgQcRi2fdMP39Xq7jwvi3v2j3tXSULnQabPBmxiWJHhaQctMtxZbSQneGYusWfiSUx6C3kN1fvUjLndSHA2z,0,1,1218783983562999,1218783983582438,1218783983617511,0,19439,35073,54512,0,0,0,send_fail,0,0,0,0
128,warm,3RKtmLTEQDekE3VpnjMWuWHeUQyPAufKxa5Txh8jjTHEVAM64ufbvVf5H1qgRuJfud5neQ7RPFjvCY7uzDjJVZnc,0,1,1218784407592930,1218784407608654,1218784407654082,0,15724,45428,61152,0,0,0,send_fail,0,0,0,0
129,warm,2JSn6BCdtn9UD3dijyetaRQhPcLeBjzoJqyYAg4spmyAuPB6E8cGzYaCfXzc5PMygUwfRn4BoNLEvERBSr6LPLXC,0,1,1218784825987244,1218784826007765,1218784826039673,0,20521,31908,52429,0,0,0,send_fail,0,0,0,0
130,warm,5TmrZ5QZderuzgB4R7YDz7vWWySGd9siUipEbNeqpcmbksBMjRz8EtFhiVrEMBGagi1XoGgWJ3QR1GTSv5Dp7Btx,0,1,1218785248179408,1218785248207470,1218785248241802,0,28062,34332,62394,0,0,0,send_fail,0,0,0,0
131,warm,5jjcT8rxiVKtwyNBCDEovnhVSgptopj7jKWvT1nU5xJRxS2xE8QFt8ce6Cd7uCPa56KRZVNtSNgGM2i19PEVYeah,0,1,1218785644843381,1218785644859054,1218785644906926,0,15673,47872,63545,0,0,0,send_fail,0,0,0,0
132,warm,2V5rt2ZkufHzgVgGZAQryT1EYcU7t8UQxSqKFUxzMocvRrJq8srG8vomF1kouwaEivKSmEZpYEYmhUj8WBUQ1fQd,0,1,1218786045500877,1218786045521468,1218786045564102,0,20591,42634,63225,0,0,0,send_fail,0,0,0,0
133,warm,3He2AtJBL4nmvBEfpLPRz9JQVjYDmLpiVyzhrqryD8WCT6BEAVwCHdcAociKDB3gX7mKLeTXT5BQpcgLomxrJTf,0,1,1218786446203831,1218786446224572,1218786446261147,0,20741,36575,57316,0,0,0,send_fail,0,0,0,0
134,warm,4U1hHNLNJuAVntgNDWNw9Rkmq1VvSEfiBf1QBLGj5Wwv5SkFK1p4aQ2opaBApVCx4VGbZZ7qb2V4dAm8jM6q7np4,0,1,1218786845299994,1218786845314856,1218786845350440,0,14862,35584,50446,0,0,0,send_fail,0,0,0,0
135,warm,5djQaFTPeHDpepv292iqDLHCSTqcW9YF8M6GoQHTM5poo5XWZJm6GFaKgPgFmoADKEPUg6YCZ6c7T6f38fGXqRc1,0,1,1218787246670029,1218787246689859,1218787246734806,0,19830,44947,64777,0,0,0,send_fail,0,0,0,0
136,warm,3gi9vr3Jp6j2Ae6vSgxg5Fpub4fpAJEVE1dSSHXfwhew9rEPrqDQ2nuNJ9ts89rxZ7TVmC5bcQNYznMnMZAwQYAD,0,1,1218787645317549,1218787645333313,1218787645370218,0,15764,36905,52669,0,0,0,send_fail,0,0,0,0
137,warm,3hMz9Mo2Z9RfJs1RonQ8Ct1uMjBf7LqqPTBeQE85z34H2viATYrD58kKc4poYpzgnoG3nf5iH7Mx5YopYc6Ffqr3,0,1,1218788054772558,1218788054790164,1218788054835802,0,17606,45638,63244,0,0,0,send_fail,0,0,0,0
138,warm,KsNXUCKwW3zy2rYxNioXi53bBZUdhq29XnyeMoAjg7RFjJh4bYLvZxeZvrzuhfEUxt7n8p46WAuH1NjCTVMW7by,0,1,1218788465206335,1218788465229249,1218788465269550,0,22914,40301,63215,0,0,0,send_fail,0,0,0,0
139,warm,3JpPsZ24YuYX4oZNVRGdrJnbGaV5zfQz464fvXVBiNcspP5n6sNpG1LsK2awyRPsyho9YP2TrZRQgx2BhBPGgb9e,0,1,1218789012173842,1218789012191028,1218789012228304,0,17186,37276,54462,0,0,0,send_fail,0,0,0,0
140,warm,FEQWzUJNhhg4eVkPjaPvZJeqAbs3xXotKhF8rz4Hi85pqaudV8mGdG6RCdE6rbBYCRxyiPRR6T478w59B5dV3r8,0,1,1218789419710682,1218789419731032,1218789419782510,0,20350,51478,71828,0,0,0,send_fail,0,0,0,0
141,warm,v4Z6CS1ZRYBcXcgMdWSeMNf5MzFFjZRnhZKwHQfVVQVVE5ttxsx2w9xiY5SBssAnrgww5wVPDLZuGENGe5qGZNi,0,1,1218789817275086,1218789817292532,1218789817334675,0,17446,42143,59589,0,0,0,send_fail,0,0,0,0
142,warm,4X7xms5bqRmZfeWkUDEHd2hmHLYTytModpHPM5BLuNCCVqiSs4NJGCxitAEEyTqMVLfzfPFLqMQ8Xxx9CZZCd7nv,0,1,1218790223558785,1218790223574439,1218790223611394,0,15654,36955,52609,0,0,0,send_fail,0,0,0,0
143,warm,58GFakhwknpNwHXDzwm1Fh9udY649y8aEMqA9Y7PimfBi5efJtUbQK5EHAKiHDyekeiMugqUezZFVnkY1NvoFE8m,0,1,1218790624982611,1218790625000318,1218790625043673,0,17707,43355,61062,0,0,0,send_fail,0,0,0,0
144,warm,4SbKHjvNR7gLmHRrA2fsccoR4rg3mFr2jSPeEiRRkdiXHnVS6xqUEj9ckHz2JZmNMRSAMs2SuuYFaCQw9hTv1oJn,0,1,1218791035099133,1218791035122268,1218791035160565,0,23135,38297,61432,0,0,0,send_fail,0,0,0,0
145,warm,3vKchEoE8fxAqPAPzWKpvhPAug1mfVEPxRBTrvt1uZZctxYaMEpETw72QfjehQKH5MFpfzu5kjpespXAewWnT71t,0,1,1218791444149024,1218791444164477,1218791444204146,0,15453,39669,55122,0,0,0,send_fail,0,0,0,0
146,warm,52EwuPJLaBQByAdMW1wyWHxxCvb9ycCUtR4i5aVcCr3bRjFGHrZBQJyE4HaVuK86MuN7VrniC9uDjMZit2Eg4jUv,0,1,1218791861034573,1218791861051970,1218791861092210,0,17397,40240,57637,0,0,0,send_fail,0,0,0,0
147,warm,4SBMpBoznRVu3rovP9yULZ4jUxAuL4NT8dBnu5ip67Kn58joi5zucR7px1Gi6QXixrX2XNwrD3RQCzjmZE1DiBUZ,0,1,1218792255327438,1218792255344644,1218792255393888,0,17206,49244,66450,0,0,0,send_fail,0,0,0,0
148,warm,F9zmE4uQggjCWb456x9qqgySnm1rbAKpAc2Shkr7Z1zR6f3UNkd2qzgf1coYEhYGD3VM44cJ4E1jKFaXj3nC3ih,0,1,1218792666115237,1218792666131621,1218792666165863,0,16384,34242,50626,0,0,0,send_fail,0,0,0,0
149,warm,3aAhZiS6K6MdeU4qaiwAePQxeuu19jHqGpyiPWA4SngcJDdvYtWaMvYatFrwgcXQtmgNYrohWcrFjq5MxuXSTXNm,0,1,1218793069385884,1218793069408819,1218793069443781,0,22935,34962,57897,0,0,0,send_fail,0,0,0,0
150,warm,bkGRCegJCa22X3q9DemqdAN6ESLoi8k1daRAxSPQykCGqkFc2mKEjm1XRnNNfZMwzn2bthMNFWZGat2YZ7RJzjX,0,1,1218793470012083,1218793470029590,1218793470138012,0,17507,108422,125929,0,0,0,send_fail,0,0,0,0
151,warm,4CaGBbHQF9jZTXaDvApZvjRvb2mAnCLi1R1d3PbWd2seEhPtaaFvhiqvk2nTcZg34Qv8XSeLuR6e8Y5h7ZYrqwLo,0,1,1218793882430049,1218793882450710,1218793882497460,0,20661,46750,67411,0,0,0,send_fail,0,0,0,0
152,warm,3SaJPqjQrnLkSVuUdw5AXEEdbxjMmTFuoxYJywMrWpPVvJ8NEPpZ7u9xMWA6oGHhYns9FtvjxCHZ536fW1wpeFr2,0,1,1218794313753636,1218794313770561,1218794313810682,0,16925,40121,57046,0,0,0,send_fail,0,0,0,0
153,warm,44JTNRibjeFsn7UtUusz89eZxxDg28S1Z9mvZgLAWG4ytWc6b4T9W4N9RXjTBDy3LHmVGVxQUs7uJaFoWwQtUwMV,0,1,1218794723470357,1218794723484068,1218794723531629,0,13711,47561,61272,0,0,0,send_fail,0,0,0,0
154,warm,3tcZ7F5LaGYPo3a7wCVJ7LwFzncqRXaeAU9UdAn5dcHTMCR8eHi5XWexuwcBnfDRLNVJfZKZRspQbXyRM5wRzeWR,0,1,1218795126619132,1218795126636859,1218795126680464,0,17727,43605,61332,0,0,0,send_fail,0,0,0,0
155,warm,4Dr19EUzTKPSvnWQHLRRjLXZLJywKSu1QJfta4PqP6Krw7CGnTA4FQP6QvFNBdVfwuEGs3cQRU3tPjiDfNPpiquc,0,1,1218795529317761,1218795529340646,1218795529386284,0,22885,45638,68523,0,0,0,send_fail,0,0,0,0
156,warm,53dkYSeLa3h1xPHVeLLPCKABNYe3XXtw44M5C2QE3yv7CthSf2EnHc8eQXktSM1hvxtDstqmYSe6oA8jUhu42jDF,0,1,1218795920157984,1218795920175671,1218795920208310,0,17687,32639,50326,0,0,0,send_fail,0,0,0,0
157,warm,22SiobCGavjvF3KA8DmGJ6UQk3k9iq4RxpHci3hzDhkkhAcTaeykMx8RZbj2TybsBk9Aj2R5y59mUASs6F4JcuFa,0,1,1218796315866523,1218796315884280,1218796315919803,0,17757,35523,53280,0,0,0,send_fail,0,0,0,0
158,warm,Fyx6wmTskGZJCcn1YpHmzFtYAdrfBn2eCzFG7xT4jcj8zBPo6GeVXjBH8AMJbxZJ2QQe1X6b6VgxFU72eAdbZW5,0,1,1218796715615416,1218796715633082,1218796715670799,0,17666,37717,55383,0,0,0,send_fail,0,0,0,0
159,warm,3Qw9o9mwpyQu57ZbEjnCgcHydMujfZkSR9DKhChnXQk6Fx3HFnA7DvAmUxPKU6Vqg5Yb9Hv3hhqwbPkm9PzPQo7Y,0,1,1218797116296727,1218797116313372,1218797116343167,0,16645,29795,46440,0,0,0,send_fail,0,0,0,0
160,warm,34vrvJ6ezb2oy1m2uyd8xaCULLex7pMixaQAPU72ofgVTQBeAvzCD8XR9jxhQcJfZtHnAr6Jq5rkGRqvX4aMG34X,0,1,1218797516324899,1218797516338980,1218797516371579,0,14081,32599,46680,0,0,0,send_fail,0,0,0,0
161,warm,3VbWSsgV1ExDR2uMaUMaWqazQNTM7qJac7QHf9HPXCudcVu34ppQQZ46pAvUXTqceT6KFEvpt3UHSSsMtHB2EbG3,0,1,1218797907288577,1218797907306204,1218797907349869,0,17627,43665,61292,0,0,0,send_fail,0,0,0,0
162,warm,fqh2ggS7j81Dn7hmKx9qxLV2Xr8Uqt3tTXLYTqVf6TQJm2p3SMDXzUWhUXpZ84nDpNVcrETA7NPecBuVyqamyrQ,0,1,1218798332802316,1218798332818260,1218798332856437,0,15944,38177,54121,0,0,0,send_fail,0,0,0,0
163,warm,65XzK1654vrNMjGgbzrWs8hr5H73vnv1bmeQiEmuBDJfgmjQTwX1WbBYfD81ARf7PBQr9iQ8CnhW1PtX9TmduTgg,0,1,1218798734254334,1218798734272261,1218798734312551,0,17927,40290,58217,0,0,0,send_fail,0,0,0,0
164,warm,4gQg3CQ6sE7nvXQydKg5NeCkTMgqhyADnKApyWqywPFhuKiVmLokvvALMiCxrsqY5dCJpuaJot7ix4RUADscn5x3,0,1,1218799130860410,1218799130877776,1218799130905227,0,17366,27451,44817,0,0,0,send_fail,0,0,0,0
165,warm,5Y2rGbi7RDEv47LTnkmJYcWajFBnnAUdxTX9HEKEL2ChTFTghgQ4Yw6U7nRbfQSwx7jYvpJmz6Ek2HHneFxwY6yF,0,1,1218799532296364,1218799532313650,1218799532355413,0,17286,41763,59049,0,0,0,send_fail,0,0,0,0
166,warm,3PTLowTB6QSZcKMSqaWFU5w6JwfZ5Afs6LEkBCMpovtJvihfZogMVUKNNM9XJ3oh3UxcMZcEBGLgWGYVrjaCbCkc,0,1,1218799933510025,1218799933527812,1218799933562354,0,17787,34542,52329,0,0,0,send_fail,0,0,0,0
167,warm,5QfGcqiMWEBWUfBc71DRDKKi4h2NJj7Cks9Tsra2jB6YNgRqg4ahpjBZdL5DFPVKbCKMsKJQFgmGKVFF9RVXyCBW,0,1,1218800360296644,1218800360310655,1218800360353669,0,14011,43014,57025,0,0,0,send_fail,0,0,0,0
168,warm,2MuvP89BK7NgWU8cuCziQHLrjupSxMQhGegtEWBCXkM44CSTgs6JQmpWHhW8Zc9Z5K22mQ4FPdxx4yqzphknwb8J,0,1,1218800770823601,1218800770843761,1218800770879885,0,20160,36124,56284,0,0,0,send_fail,0,0,0,0
169,warm,4dWjKbFawZWhVco5MZ2UKAvDmpTgL1yJaBZ51CUBwPySXB2wk2D2hFEDjVB6UJHfVfGgpy69FFVBeSjLWWLsEjwT,0,1,1218801183380194,1218801183398772,1218801183443139,0,18578,44367,62945,0,0,0,send_fail,0,0,0,0
170,warm,3UoRHpYoUHYS5xEzbZyd5J9aZ8qk9evEozcqUwUSpwRS2KyxJ8ssL4P3pHtrif5sWJqAJEUUpTVL3e2jcuNe7HDr,0,1,1218801575077533,1218801575097944,1218801575146898,0,20411,48954,69365,0,0,0,send_fail,0,0,0,0
171,warm,5H7cQqMU5pBj7Rrh3wFjJuatVcvpAeaRT7iUBRvXUfgo2jbRjdMtg8nunWWHxF2Q9uSP2ziwWameCET5v9saecx7,0,1,1218801975396702,1218801975413347,1218801975457423,0,16645,44076,60721,0,0,0,send_fail,0,0,0,0
172,warm,n4wVJPPFnJiTbgjD1KtjFCDkXxuVE7Jz3sQWgu2thBevti9sgWTwXFMkNRMskFgT2cEMQ45gkdLScAwUrYNk4sa,0,1,1218802376399566,1218802376418835,1218802376459025,0,19269,40190,59459,0,0,0,send_fail,0,0,0,0
173,warm,n4E9fJeD6SXyDqQnvsxmqmpspBnTaEYx9UZnhTZon6VYY9LgRJb5rdn3jvE64UKaUZT3PtNUx4YA3tJ2EdsugmT,0,1,1218802796287732,1218802796308333,1218802796341733,0,20601,33400,54001,0,0,0,send_fail,0,0,0,0
174,warm,5c8yBH7adVTvoixxaQJXB8SeVPDwjcKMPL9kgzGDHE7AmtChdq4pKn8RvDLC5aypFNC9v7Dxhvy32zD4STuLyeQo,0,1,1218803218926566,1218803218941288,1218803218966896,0,14722,25608,40330,0,0,0,send_fail,0,0,0,0
175,warm,3qQ7S8t8Lefnq4dRYNL7R4SBRqL48pjZuVZbTpLN51XbqyQXzLmJX4hXUHwt4WhY6TJxMbPdern9Awp5wRVnAFdq,0,1,1218803620453116,1218803620473367,1218803620517082,0,20251,43715,63966,0,0,0,send_fail,0,0,0,0
176,warm,4h6RvkKWE64feo8rrpYn2mA7oG4eFPLcN8edNw4t1RdutzR5799AmWPPL8rYMxSTVgnaTCrKATCBrEe3ZGRmTSkt,0,1,1218804032901297,1218804032918983,1218804032960956,0,17686,41973,59659,0,0,0,send_fail,0,0,0,0
177,warm,3GgFk9KbDZ9NXSqWiEJwLS6YmknwQCUuEPybJrdKM3ZhkEUfmRpCcUjNisfJKmA2ECEFdUEmpKwqg82vcVvbpepH,0,1,1218804729969543,1218804729987060,1218804730037445,0,17517,50385,67902,0,0,0,send_fail,0,0,0,0
178,warm,3pmrxDYq52ZvRKG2PA5ffBwmhNjomZTbhxzhqdAHjT835pvMQKYXgKnMYHfXP2D99MD2nUmwaMTDQrmyDkq5P8jW,0,1,1218805123764491,1218805123782207,1218805123818782,0,17716,36575,54291,0,0,0,send_fail,0,0,0,0
179,warm,3ifG8JzxE6fbmGoesx5Lyw4R8kF6AhaEkDiTgWgEogtEASfeuJ2Tr8eQNiaBkYA3QGEJKztULwCZhzBMeeUyLDKj,0,1,1218805524340785,1218805524356098,1218805524420985,0,15313,64887,80200,0,0,0,send_fail,0,0,0,0
180,warm,2mEYWTFrVfXjc8Ar6UfgaCDgKZzKVR7b3BGQFaAG8Jm8MW1RuFJyvREEgGo4gNLWrFuhXRvHBqzwPJFjnX83BHtc,0,1,1218805925575898,1218805925596679,1218805925643289,0,20781,46610,67391,0,0,0,send_fail,0,0,0,0
181,warm,37iFXhmJ31FUguSvMhEJj7mUeeKiwG3ThqG1uBCrKCskqZsMyUVXeUuUy1uPLzJBNN61g9VRzhHeTdVc5qQ5D7HA,0,1,1218806325930199,1218806325946183,1218806325991651,0,15984,45468,61452,0,0,0,send_fail,0,0,0,0
182,warm,2FcfgE73ZjvvErLMVoX2eQCy8eX99Q6bgExrcMTyDH1L8hqxqXvamsYsEe6q3EafURjwgPKHE2XzHrHgAJHgq8LJ,0,1,1218806749487891,1218806749502083,1218806749546610,0,14192,44527,58719,0,0,0,send_fail,0,0,0,0
183,warm,4pohkLf4dgMij5VeohYZwpdgEHyEZMGV4ST1KY3tVBJ161RDZPzGb6ZJzJCWsAvoCVgspWMZX2EUmFKcWgGk3wNH,0,1,1218807149737445,1218807149755272,1218807149812087,0,17827,56815,74642,0,0,0,send_fail,0,0,0,0
184,warm,4GixLdtzTBo9j1tepbfjqMKo45nWEkANarLZSgDt1jve4hofJEPTWmmzwtWE4GKz9RRLVeH5tApTiNMsYJmVV88U,0,1,1218807562781069,1218807562805696,1218807562834449,0,24627,28753,53380,0,0,0,send_fail,0,0,0,0
185,warm,2EJPNHPWPLrpn5sk7MDAPn68BfLES8YAsuUKDnUREFYqze7m7w43sgVaNASsuYCPKcGKXzmzWrqtFhRVCchcyAt4,0,1,1218807984186122,1218807984206242,1218807984256047,0,20120,49805,69925,0,0,0,send_fail,0,0,0,0
186,warm,2fvVZgrTh6MksxnjdTuyQ2K8sFPMEtd4brwhptURSM5T1FaTPBXj6jSp4CLrPR8fj5cw8iVPCdcp1EpfSo4Y13JN,0,1,1218808400308346,1218808400328767,1218808400372072,0,20421,43305,63726,0,0,0,send_fail,0,0,0,0
187,warm,3zAKfJEbiEsJVMWBfaewWBKde9FnQAZ3xF6EthK5M9QpuyNJjVTLHCr1h3MWD3UtYiuEC8bfPZXT6HS4UMwXqxy4,0,1,1218808812658610,1218808812674984,1218808812719171,0,16374,44187,60561,0,0,0,send_fail,0,0,0,0
188,warm,2xYVZFHwJ96NJm3HZC4jQY7wftYUeJdkMRx4NqAWRY78qwYHjKzpjhhWR33XfzhsuziHrQcxAa6HGKASH9bNzwTR,0,1,1218809224109494,1218809224127220,1218809224164035,0,17726,36815,54541,0,0,0,send_fail,0,0,0,0
189,warm,Lj2fm34VBGUoeb8a7ohvSLrMGgYChQHmfM4m5cMjRvn6Q4J2d6HTUdVJarRPxP5qBKCNC1RWSzEDaJ4KANGH9PT,0,1,1218809624766719,1218809624780760,1218809624820129,0,14041,39369,53410,0,0,0,send_fail,0,0,0,0
190,warm,3HagKeEK5MRkaRmRf6pCW2iwqJHxa9XVaXVgeKy9PsZrnjBfP9JPtkkxaFNaxN9DSLtug6KfS3GML2XKpEjXN7zU,0,1,1218810024686859,1218810024704034,1218810024753499,0,17175,49465,66640,0,0,0,send_fail,0,0,0,0
191,warm,FwN2fMkDTeq3kGpL9oeFEPHMHseoYAoGTYMkcUa2U9Kxy7Q7Zvu4Vx1Cyy8tHHWVhkfYfw2VbXwkUiys8gF8kkj,0,1,1218810426450344,1218810426467881,1218810426512458,0,17537,44577,62114,0,0,0,send_fail,0,0,0,0
192,warm,2B71hRrugdKh89sTTqhpRwaTSwLRtkTvXsquECzomcmJP12rgAjCubPm3CYjYanF3wWL1bm7SK2TCTj5wKABtCSW,0,1,1218810827014831,1218810827028812,1218810827069283,0,13981,40471,54452,0,0,0,send_fail,0,0,0,0
193,warm,3ndknT4jiCoxydkXgVjEgrGyqPevodLk2UE7Q5B5jyRCTYwjdkyhHtjUwVVRi8CxnkJDE3BPEcq6kcuxnhC3aA5v,0,1,1218811237955469,1218811237975569,1218811238024072,0,20100,48503,68603,0,0,0,send_fail,0,0,0,0
194,warm,5T3VTNXMC5NX4CUHi8VRiqHP3hY3jT3TbrQbdpykJj9iQ7BnpKfPYpLxCgFgmMgptZrup21DjFJ4zPJ2iARGcJGH,0,1,1218811638271443,1218811638288458,1218811638332384,0,17015,43926,60941,0,0,0,send_fail,0,0,0,0
195,warm,2wn3zy9R6ajv6UGMByYwVpv2Pp1UHBWWGgKPCDn15Yd6o3cW37QHCU6WK37Sqp29mGo7u3dsmrhDLKhAHtW1ub25,0,1,1218812053100346,1218812053121107,1218812053159204,0,20761,38097,58858,0,0,0,send_fail,0,0,0,0
196,warm,2vJYvcEzPU1g98GqvaY2xGGTYQSTYQGsJUA6fWhs9JCMksxEuLY3zR3Q9Soo8M567mz7cq37FKaMdZyxPSq4SZPm,0,1,1218812453542829,1218812453558483,1218812453603771,0,15654,45288,60942,0,0,0,send_fail,0,0,0,0
197,warm,2Sge4DMRj1GibQHKmWJrqXVbHG9Mz66DqUS8MSbCmUEigbdHppn4HjCEjWtCZ4y8cScRF9hcpwzPoLacYzhCN5kA,0,1,1218812853907886,1218812853925032,1218812853961377,0,17146,36345,53491,0,0,0,send_fail,0,0,0,0
198,warm,4Ak4LmjsQCVAesykwtpDVhYnVnVhSAqicMUkGfX1PQ7zHSgp1qUtR1K2MDK64pwkSSEBBnoqT2A2y52Y5CQHENT,0,1,1218813255210280,1218813255227085,1218813255267666,0,16805,40581,57386,0,0,0,send_fail,0,0,0,0
199,warm,7u132t8BbGWCVq3CMDbVX5LGZNP22YHqa3hEvFZacWJyWY5dw5ZMyjgvPb2w8AFNPPw3uy95qYBMSAra4pHWTn4,0,1,1218813657590331,1218813657606255,1218813657645414,0,15924,39159,55083,0,0,0,send_fail,0,0,0,0
